<?xml version="1.0" encoding="UTF-8"?>
<beans xmlns="http://www.springframework.org/schema/beans"
    xmlns:xsi="http://www.w3.org/2001/XMLSchema-instance"
    xmlns:aop="http://www.springframework.org/schema/aop"
    xmlns:tx="http://www.springframework.org/schema/tx"
    xmlns:context="http://www.springframework.org/schema/context"
    xsi:schemaLocation="
   http://www.springframework.org/schema/beans 
   http://www.springframework.org/schema/beans/spring-beans-3.0.xsd
   http://www.springframework.org/schema/aop 
   http://www.springframework.org/schema/aop/spring-aop-3.0.xsd
   http://www.springframework.org/schema/tx 
   http://www.springframework.org/schema/tx/spring-tx-3.0.xsd
   http://www.springframework.org/schema/context      
   http://www.springframework.org/schema/context/spring-context-3.0.xsd">
 
	<!-- 用户相关 -->
	<bean name="userActionBean" class="com.suramire.miaowu.action.UserAction">
		<property name="userDAO" ref="userDAOImpl"/>
	</bean>
	
	<!-- 帖子相关 -->
	<bean name="noteActionBean" class="com.suramire.miaowu.action.NoteAction">
		<property name="noteDAO" ref="noteDAOImpl"/>
	</bean>

	<!-- 回复相关 -->
	<bean name="replyActionBean" class="com.suramire.miaowu.action.ReplyAction">
		<property name="replyDAO" ref="replyDAOImpl"/>
		<property name="userDAO" ref="userDAOImpl"/>
	</bean>
	
	<!-- 通知相关 -->
	<bean name="NotificationActionBean" class="com.suramire.miaowu.action.NotificationAction">
		<property name="nofiticationDAO" ref="nofiticationDAOImpl" />
	</bean>
	
	
	<!-- 猫咪相关 -->
	<bean name="CatActionBean" class="com.suramire.miaowu.action.CatAction">
		<property name="catDAO" ref="catDAOImpl"></property>
	</bean>
	
	<!--DAO-->
	<bean name="userDAOImpl" class="com.suramire.miaowu.dao.UserDAO">
		<property name="sessionFactory" ref="sf" />
	</bean>
	<bean name="noteDAOImpl" class="com.suramire.miaowu.dao.NoteDAO">
		<property name="sessionFactory" ref="sf" />
	</bean>
	<bean name="replyDAOImpl" class="com.suramire.miaowu.dao.ReplyDAO">
		<property name="sessionFactory" ref="sf" />
	</bean>
	<bean name="nofiticationDAOImpl" class="com.suramire.miaowu.dao.NotificationDAO">
		<property name="sessionFactory" ref="sf" />
	</bean>
	<bean name="catDAOImpl" class="com.suramire.miaowu.dao.CatDAO">
		<property name="sessionFactory" ref="sf" />
	</bean>
	
	


	<bean name="sf"
		class="org.springframework.orm.hibernate3.LocalSessionFactoryBean">
		<property name="dataSource" ref="ds" />
		<property name="mappingResources">
			<list>
				<value>com/suramire/miaowu/bean/User.hbm.xml</value>
				<value>com/suramire/miaowu/bean/Note.hbm.xml</value>
				<value>com/suramire/miaowu/bean/NotePhoto.hbm.xml</value>
				<value>com/suramire/miaowu/bean/Reply.hbm.xml</value>
				<value>com/suramire/miaowu/bean/Catinfo.hbm.xml</value>
				<value>com/suramire/miaowu/bean/Notification.hbm.xml</value>
				<value>com/suramire/miaowu/bean/Follow.hbm.xml</value>
				<value>com/suramire/miaowu/bean/CatPhoto.hbm.xml</value>
			</list>
		</property>
 
	    <property name="schemaUpdate">  
	        <value>true</value>  
	    </property>  
	    		
		<property name="hibernateProperties">
			<value>
				hibernate.dialect=org.hibernate.dialect.MySQLDialect
				hbm2ddl.auto=update
   			</value>
		</property>
	</bean>    
        
        
    <bean name="ds"
		class="org.springframework.jdbc.datasource.DriverManagerDataSource">
		<property name="driverClassName" value="com.mysql.jdbc.Driver" />
		<property name="url" value="jdbc:mysql://localhost:3306/miaowu?characterEncoding=UTF-8" />
		<property name="username" value="root" />
		<property name="password" value="123" />
	</bean>	    
</beans>