<?xml version="1.0" encoding="utf-8"?>
<!DOCTYPE hibernate-mapping PUBLIC "-//Hibernate/Hibernate Mapping DTD 3.0//EN"
"http://hibernate.sourceforge.net/hibernate-mapping-3.0.dtd">
<!-- 
    Mapping file autogenerated by MyEclipse Persistence Tools
-->
<hibernate-mapping>
    <class name="com.suramire.miaowu.bean.Catinfo" table="catinfo" catalog="miaowu">
        <id name="id" type="java.lang.Integer">
            <column name="id" />
            <generator class="identity" />
        </id>
        <property name="type" type="java.lang.String">
            <column name="type">
                <comment>品种</comment>
            </column>
        </property>
        <property name="sex" type="java.lang.Integer">
            <column name="sex">
                <comment>性别</comment>
            </column>
        </property>
        <property name="age" type="java.lang.Integer">
            <column name="age">
                <comment>年龄</comment>
            </column>
        </property>
        <property name="neutering" type="java.lang.Integer">
            <column name="neutering">
                <comment>是否绝育</comment>
            </column>
        </property>
        <property name="insecticide" type="java.lang.Integer">
            <column name="insecticide">
                <comment>是否驱虫</comment>
            </column>
        </property>
        <property name="adddate" type="java.util.Date">
            <column name="adddate" length="0" not-null="true" />
        </property>
        <property name="conditions" type="java.lang.String">
            <column name="conditions" length="65535">
                <comment>领养条件 自定义</comment>
            </column>
        </property>
        <property name="isAdopted" type="java.lang.Integer">
            <column name="isAdopted" not-null="true">
                <comment>领养标志位</comment>
            </column>
        </property>
        <property name="adoptdate" type="java.util.Date">
            <column name="adoptdate" length="0">
                <comment>被领养日期</comment>
            </column>
        </property>
        <property name="uid" type="java.lang.Integer">
            <column name="uid">
                <comment>领养者编号</comment>
            </column>
        </property>
    </class>
</hibernate-mapping>
