<?xml version="1.0" encoding="utf-8"?>
<!DOCTYPE hibernate-mapping PUBLIC "-//Hibernate/Hibernate Mapping DTD 3.0//EN"
"http://hibernate.sourceforge.net/hibernate-mapping-3.0.dtd">
<!-- 
    Mapping file autogenerated by MyEclipse Persistence Tools
-->
<hibernate-mapping>
    <class name="com.suramire.miaowu.bean.CatPhoto" table="cat_photo" catalog="miaowu">
        <id name="id" type="java.lang.Integer">
            <column name="id" />
            <generator class="identity" />
        </id>
        <property name="cid" type="java.lang.Integer">
            <column name="cid" not-null="true" />
        </property>
        <property name="name" type="java.lang.String">
            <column name="name" not-null="true" />
        </property>
    </class>
</hibernate-mapping>
