<?xml version="1.0" encoding="utf-8"?>
<!DOCTYPE hibernate-mapping PUBLIC "-//Hibernate/Hibernate Mapping DTD 3.0//EN"
"http://hibernate.sourceforge.net/hibernate-mapping-3.0.dtd">
<!-- 
    Mapping file autogenerated by MyEclipse Persistence Tools
-->
<hibernate-mapping>
    <class name="com.suramire.miaowu.bean.Follow" table="follow" catalog="miaowu">
        <id name="id" type="java.lang.Integer">
            <column name="id" />
            <generator class="identity" />
        </id>
        <property name="uid1" type="java.lang.Integer">
            <column name="uid1" not-null="true">
                <comment>主动关注</comment>
            </column>
        </property>
        <property name="uid2" type="java.lang.Integer">
            <column name="uid2" not-null="true">
                <comment>被关注</comment>
            </column>
        </property>
    </class>
</hibernate-mapping>
