<?xml version="1.0" encoding="utf-8"?>
<!DOCTYPE hibernate-mapping PUBLIC "-//Hibernate/Hibernate Mapping DTD 3.0//EN"
"http://hibernate.sourceforge.net/hibernate-mapping-3.0.dtd">
<!-- 
    Mapping file autogenerated by MyEclipse Persistence Tools
-->
<hibernate-mapping>
    <class name="com.suramire.miaowu.bean.Note" table="note" catalog="miaowu">
        <id name="id" type="java.lang.Integer">
            <column name="id" />
            <generator class="identity" />
        </id>
        <property name="uid" type="java.lang.Integer">
            <column name="uid" not-null="true">
                <comment>发帖者的id</comment>
            </column>
        </property>
        <property name="title" type="java.lang.String">
            <column name="title" length="100" not-null="true" />
        </property>
        <property name="content" type="java.lang.String">
            <column name="content" length="65535" not-null="true" />
        </property>
        <property name="publish" type="java.sql.Timestamp">
            <column name="publish" length="0" not-null="true" />
        </property>
        <property name="viewcount" type="java.lang.Integer">
            <column name="viewcount" />
        </property>
        <property name="thumbs" type="java.lang.Integer">
            <column name="thumbs" />
        </property>
        <property name="verified" type="java.lang.Integer">
            <column name="verified" not-null="true">
                <comment>0=待审核 1=审核通过 2=审核失败 3=锁定</comment>
            </column>
        </property>
    </class>
</hibernate-mapping>
