<?xml version="1.0" encoding="utf-8"?>
<!DOCTYPE hibernate-mapping PUBLIC "-//Hibernate/Hibernate Mapping DTD 3.0//EN"
"http://hibernate.sourceforge.net/hibernate-mapping-3.0.dtd">
<!-- 
    Mapping file autogenerated by MyEclipse Persistence Tools
-->
<hibernate-mapping>
    <class name="com.suramire.miaowu.bean.NotePhoto" table="note_photo" catalog="miaowu">
        <id name="id" type="java.lang.Integer">
            <column name="id" />
            <generator class="identity" />
        </id>
        <property name="nid" type="java.lang.Integer">
            <column name="nid" not-null="true">
                <comment>æ‰€å±žå¸-å­�çš"id</comment>
            </column>
        </property>
        <property name="name" type="java.lang.String">
            <column name="name" not-null="true">
                <comment>å›¾ç‰‡è·¯å¾"</comment>
            </column>
        </property>
    </class>
</hibernate-mapping>
