<?xml version="1.0" encoding="utf-8"?>
<!DOCTYPE hibernate-mapping PUBLIC "-//Hibernate/Hibernate Mapping DTD 3.0//EN"
"http://hibernate.sourceforge.net/hibernate-mapping-3.0.dtd">
<!-- 
    Mapping file autogenerated by MyEclipse Persistence Tools
-->
<hibernate-mapping>
    <class name="com.suramire.miaowu.bean.Notification" table="notification" catalog="miaowu">
        <id name="id" type="java.lang.Integer">
            <column name="id" />
            <generator class="identity" />
        </id>
        <property name="uid1" type="java.lang.Integer">
            <column name="uid1" not-null="true">
                <comment>事件发起者</comment>
            </column>
        </property>
        <property name="uid2" type="java.lang.Integer">
            <column name="uid2" not-null="true">
                <comment>事件接收者</comment>
            </column>
        </property>
        <property name="content" type="java.lang.String">
            <column name="content" not-null="true">
                <comment>事件内容</comment>
            </column>
        </property>
        <property name="time" type="java.sql.Timestamp">
            <column name="time" length="0">
                <comment>事件产生的时间</comment>
            </column>
        </property>
        <property name="isread" type="java.lang.Integer">
            <column name="isread">
                <comment>是否已阅读</comment>
            </column>
        </property>
        <property name="type" type="java.lang.Integer">
            <column name="type" not-null="true">
                <comment>通知类别</comment>
            </column>
        </property>
    </class>
</hibernate-mapping>
