<?xml version="1.0" encoding="utf-8"?>
<!DOCTYPE hibernate-mapping PUBLIC "-//Hibernate/Hibernate Mapping DTD 3.0//EN"
"http://hibernate.sourceforge.net/hibernate-mapping-3.0.dtd">
<!-- 
    Mapping file autogenerated by MyEclipse Persistence Tools
-->
<hibernate-mapping>
    <class name="com.suramire.miaowu.bean.Reply" table="reply" catalog="miaowu">
        <id name="id" type="java.lang.Integer">
            <column name="id" />
            <generator class="identity" />
        </id>
        <property name="floorid" type="java.lang.Integer">
            <column name="floorid">
                <comment>æ¥¼å±'æ•° åŒºåˆ†å›žå¤�</comment>
            </column>
        </property>
        <property name="nid" type="java.lang.Integer">
            <column name="nid" not-null="true" />
        </property>
        <property name="uid" type="java.lang.Integer">
            <column name="uid" not-null="true" />
        </property>
        <property name="replycontent" type="java.lang.String">
            <column name="replycontent" not-null="true" />
        </property>
        <property name="replytime" type="java.sql.Timestamp">
            <column name="replytime" length="0" />
        </property>
        <property name="replyuid" type="java.lang.Integer">
            <column name="replyuid" />
        </property>
    </class>
</hibernate-mapping>
