<?xml version="1.0" encoding="utf-8"?>
<!DOCTYPE hibernate-mapping PUBLIC "-//Hibernate/Hibernate Mapping DTD 3.0//EN"
"http://hibernate.sourceforge.net/hibernate-mapping-3.0.dtd">
<!-- 
    Mapping file autogenerated by MyEclipse Persistence Tools
-->
<hibernate-mapping>
    <class name="com.suramire.miaowu.bean.User" table="user" catalog="miaowu">
        <id name="id" type="java.lang.Integer">
            <column name="id" />
            <generator class="identity" />
        </id>
        <property name="phonenumber" type="java.lang.String">
            <column name="phonenumber" length="11" not-null="true" unique="true">
                <comment>手机号 唯一</comment>
            </column>
        </property>
        <property name="nickname" type="java.lang.String">
            <column name="nickname" length="20" not-null="true" unique="true">
                <comment>昵称 唯一</comment>
            </column>
        </property>
        <property name="password" type="java.lang.String">
            <column name="password" length="20" not-null="true" />
        </property>
        <property name="icon" type="java.lang.String">
            <column name="icon" length="40" />
        </property>
        <property name="birthday" type="java.util.Date">
            <column name="birthday" length="0">
                <comment>出生日期</comment>
            </column>
        </property>
        <property name="address" type="java.lang.String">
            <column name="address" />
        </property>
        <property name="role" type="java.lang.Integer">
            <column name="role" not-null="true">
                <comment>用户权限 0=普通用户 1=管理员</comment>
            </column>
        </property>
        <property name="contacttype" type="java.lang.Integer">
            <column name="contacttype" not-null="true">
                <comment>联系方式 1=电话 2=QQ 3=微信 4=邮箱</comment>
            </column>
        </property>
        <property name="contact" type="java.lang.String">
            <column name="contact">
                <comment>联系方式</comment>
            </column>
        </property>
    </class>
</hibernate-mapping>
