<?xml version="1.0" encoding="UTF-8"?>
<!DOCTYPE struts PUBLIC
    "-//Apache Software Foundation//DTD Struts Configuration 2.0//EN"
    "http://struts.apache.org/dtds/struts-2.0.dtd">

<struts>
  <constant name="struts.i18n.encoding" value="UTF-8"></constant>
  
  <constant name="struts.objectFactory" value="spring"/>
  
  <package name="basicstruts" extends="struts-default">
  
	<action name="index">
		<result>index.jsp</result>
	</action>
	
    <action name="*User" class="userActionBean" method="{1}"/>
  	<action name="*Note" class="noteActionBean" method="{1}"/>
  	<action name="*Cat" class="CatActionBean" method="{1}"/>
  	<action name="*Reply" class="replyActionBean" method="{1}"/>
  	<action name="*Notification" class="NotificationActionBean" method="{1}"/>
</package>
</struts>